Workbook
Name Slicer_Department: #N/A
Name Slicer_Overtime: #N/A

Sheet Data
A1: Employee ID | B1: Age | C1: Gender | D1: Department | E1: Education | F1: Years of Experience | G1: Annual Salary | H1: Job Satisfaction (1-5) | I1: Performance Rating (1-5) | J1: Overtime | K1: Absence Days | L1: Training Hours | M1: Left Company
A2: E001 | B2: 27 | C2: Female | D2: IT | E2: Master | F2: 4 | G2: 49700 | H2: 2 | I2: 3 | J2: No | K2: 3 | L2: 14 | M2: No
A3: E002 | B3: 27 | C3: Male | D3: Operations | E3: Bachelor | F3: 0 | G3: 40000 | H3: 5 | I3: 5 | J3: No | K3: 6 | L3: 36 | M3: No
A4: E003 | B4: 24 | C4: Male | D4: Marketing | E4: Bachelor | F4: 0 | G4: 31600 | H4: 5 | I4: 5 | J4: No | K4: 10 | L4: 40 | M4: No
A5: E004 | B5: 28 | C5: Male | D5: Sales | E5: Master | F5: 7 | G5: 65400 | H5: 3 | I5: 3 | J5: No | K5: 2 | L5: 45 | M5: No
A6: E005 | B6: 29 | C6: Female | D6: Finance | E6: Bachelor | F6: 2 | G6: 42500 | H6: 4 | I6: 4 | J6: No | K6: 3 | L6: 28 | M6: No
A7: E006 | B7: 36 | C7: Female | D7: Finance | E7: Bachelor | F7: 11 | G7: 64000 | H7: 3 | I7: 4 | J7: No | K7: 11 | L7: 19 | M7: No
A8: E007 | B8: 50 | C8: Female | D8: HR | E8: High School | F8: 24 | G8: 87600 | H8: 4 | I8: 2 | J8: Yes | K8: 6 | L8: 10 | M8: No
A9: E008 | B9: 54 | C9: Male | D9: Operations | E9: Bachelor | F9: 28 | G9: 92800 | H9: 2 | I9: 4 | J9: No | K9: 3 | L9: 14 | M9: No
A10: E009 | B10: 51 | C10: Male | D10: Sales | E10: High School | F10: 23 | G10: 103900 | H10: 4 | I10: 4 | J10: Yes | K10: 10 | L10: 42 | M10: No
A11: E010 | B11: 60 | C11: Male | D11: Marketing | E11: Bachelor | F11: 31 | G11: 100700 | H11: 2 | I11: 3 | J11: Yes | K11: 6 | L11: 4 | M11: Yes
A12: E011 | B12: 48 | C12: Female | D12: HR | E12: Bachelor | F12: 26 | G12: 100400 | H12: 4 | I12: 3 | J12: No | K12: 10 | L12: 37 | M12: No
A13: E012 | B13: 57 | C13: Male | D13: Operations | E13: Master | F13: 28 | G13: 96900 | H13: 4 | I13: 4 | J13: No | K13: 3 | L13: 17 | M13: No
... A301: E300 | B301: 45 | C301: Female | D301: HR | E301: Master | F301: 19 | G301: 74900 | H301: 3 | I301: 3 | J301: No | K301: 9 | L301: 15 | M301: Yes

Sheet HR Analysis
A1: Analysis/Metric | B1: Formula | C1: Result
A2: Number of IT Employees Working Overtime | B2: =COUNTIFS(Data!D2:D301,"IT",Data!J2:J301,"YES") -> 17 | C2: 17
A3: Number of Sales Employees with Low Job Satisfaction(≤2) | B3: =COUNTIFS(Data!D2:D301,"Sales",Data!H2:H301,"<=2") -> 14 | C3: 14
A4: Number of Employees Working Overtime with Low Job Satisfaction(≤2) | B4: =COUNTIFS(Data!J2:J301,"YES",Data!H2:H301,"<=2") -> 25 | C4: 25
A5: Total Salary of IT Employees | B5: =SUMIF(Data!D2:D301,"IT",Data!G2:G301) -> 4263800 | C5: 4263800
A6: Total Salary of Employees Working Overtime | B6: =SUMIF(Data!J2:J301,"Yes",Data!G2:G301) -> 9123100 | C6: 9123100
A7: Total Salary of Sales Employees with Low Job Satisfaction(≤2) | B7: =SUMIFS(Data!G2:G301,Data!D2:D301,"SALES",Data!H2:H301,"<=2") -> 1233100 | C7: 1233100
A8: Average Salary of Employees Working Overtime | B8: =AVERAGEIF(Data!J2:J301,"YES",Data!G2:G301) -> 82190.09 | C8: 82190.09
A9: Average Salary of Sales Employees with Low Job Satisfaction(≤2) | B9: =AVERAGEIFS(Data!G2:G301,Data!D2:D301,"SALES",Data!H2:H301,"<=2") -> 88078.571 | C9: 88078.571
A10: Average Salary of IT Employees | B10: =AVERAGEIFS(Data!G2:G301,Data!D2:D301,"IT") -> 81996.154 | C10: 81996.154
A11: Average Job Satisfaction of Employees Working Overtime | B11: =AVERAGEIFS(Data!H2:H301,Data!J2:J301,"YES") -> 3.2432432 | C11: 3.2432432
A12: Average Performance Rating of Sales Employees with Low Job Satisfaction(≤2) | B12: =AVERAGEIFS(Data!I2:I301,Data!D2:D301,"SALES",Data!H2:H301,"<=2") -> 2.6428571 | C12: 2.6428571
A13: Total Number of Employees | B13: =COUNTA(Data!A2:A301) -> 300 | C13: 300
A14: Average Salary of All Employees | B14: =AVERAGE(Data!G2:G301) -> 78253.667 | C14: 78254
A15: Employee Attrition Rate | B15: =COUNTIF(Data!M2:M301,"YES")/COUNTA(Data!A2:A301) -> 0.073333333 | C15: 0.0733
A16: Overtime Rate | B16: =COUNTIF(Data!J2:J301,"YES")/COUNTA(Data!A2:A301) -> 0.37 | C16: 0.37
A17: Low Job Satisfaction Rate(≤2) | B17: =COUNTIF(Data!H2:H301,"<=2")/COUNTA(Data!A2:A301) -> 0.24333333 | C17: 0.24333333
A18: Average Salary of High-Performance Employees(4≥) | B18: =AVERAGEIF(Data!I2:I301,">=4",Data!G2:G301) -> 76570.659 | C18: 76570.659
A19: Average Job Satisfaction of High-Performance Employees(4≥) | B19: =AVERAGEIF(Data!I2:I301,">=4",Data!H2:H301) -> 3.7125749 | C19: 3.7125749
A20: Number of Employees with High-Performance(4≥) and Overtime | B20: =COUNTIFS(Data!I2:I301,">=4",Data!J2:J301,"YES") -> 67 | C20: 67
A21: Attrition Rate Among Overtime Employees | B21: =COUNTIFS(Data!J2:J301,"YES",Data!M2:M301,"YES")/COUNTIF(Data!J2:J301,"YES") -> 0.099099099 | C21: 0.0991
A22: Attrition Rate Among Non-Overtime Employees | B22: =COUNTIFS(Data!J2:J301,"NO",Data!M2:M301,"YES")/COUNTIF(Data!J2:J301,"NO") -> 0.058201058 | C22: 0.0582
A23: Average Salary of Employees Who Left the Company | B23: =AVERAGEIF(Data!M2:M301,"YES",Data!G2:G301) -> 75163.636 | C23: 75163.636
A24: Average Salary of Employees Who Stayed with the Company | B24: =AVERAGEIF(Data!M2:M301,"NO",Data!G2:G301) -> 78498.201 | C24: 78498.201
A25: Average Absence Days of Employees Who Left the Company | B25: =AVERAGEIF(Data!M2:M301,"YES",Data!K2:K301) -> 6.7272727 | C25: 6.7272727
A26: Average Training Hours of Employees Who Left the Company | B26: =AVERAGEIF(Data!M2:M301,"YES",Data!L2:L301) -> 18.681818 | C26: 18.681818
A27: Average Salary of Non-Overtime Employees | B27: =AVERAGEIF(Data!J2:J301,"NO",Data!G2:G301) -> 75941.799 | C27: 75941.799
A28: Average Job Satisfaction of Non-Overtime Employees | B28: =AVERAGEIF(Data!J2:J301,"NO",Data!H2:H301) -> 3.3227513 | C28: 3.3227513
A29: Average Performance Rating of Overtime Employees | B29: =AVERAGEIF(Data!J2:J301,"YES",Data!I2:I301) -> 3.6126126 | C29: 3.6126126
A30: Average Performance Rating of Non-Overtime Employees | B30: =AVERAGEIF(Data!J2:J301,"NO",Data!I2:I301) -> 3.5343915 | C30: 3.5343915
A31: Average Absence Days of Overtime Employees | B31: =AVERAGEIF(Data!J2:J301,"YES",Data!K2:K301) -> 7.027027 | C31: 7.027027
A32: Average Absence Days of Non-Overtime Employees | B32: =AVERAGEIF(Data!J2:J301,"NO",Data!K2:K301) -> 6.042328 | C32: 6.042328
A33: Average Training Hours of Overtime Employees | B33: =AVERAGEIF(Data!J2:J301,"YES",Data!L2:L301) -> 24.531532 | C33: 24.531532
A34: Average Training Hours of Non-Overtime Employees | B34: =AVERAGEIF(Data!J2:J301,"NO",Data!L2:L301) -> 25.142857 | C34: 25.142857

Sheet Pivot
A1: Row Labels | B1: Count of Employee ID | D1: Row Labels | E1: Average of Annual Salary | G1: Row Labels | H1: Average of Job Satisfaction (1-5)
A2: Finance | B2: 42 | D2: Finance | E2: 75076.19 | G2: Finance | H2: 3.1190476
A3: HR | B3: 41 | D3: HR | E3: 75465.854 | G3: HR | H3: 3.3414634
A4: IT | B4: 52 | D4: IT | E4: 81996.154 | G4: IT | H4: 3.2884615
A5: Marketing | B5: 33 | D5: Marketing | E5: 81512.121 | G5: Marketing | H5: 3.4545455
A6: Operations | B6: 75 | D6: Operations | E6: 73781.333 | G6: Operations | H6: 3.2133333
A7: Sales | B7: 57 | D7: Sales | E7: 83184.211 | G7: Sales | H7: 3.4035088
A12: Count of Left Company | B12: Column Labels | F12: Count of Employee ID | G12: Column Labels
A13: Row Labels | B13: No | C13: Yes | F13: Row Labels | G13: No | H13: Yes
A14: Finance | B14: 36 | C14: 6 | F14: No | G14: 178 | H14: 11
A15: HR | B15: 39 | C15: 2 | F15: Yes | G15: 100 | H15: 11
A16: IT | B16: 49 | C16: 3
A17: Marketing | B17: 29 | C17: 4
A18: Operations | B18: 71 | C18: 4
A19: Sales | B19: 54 | C19: 3

Sheet KPI
A1: HR KPI Analysis
A2: Key Human Resources Performance Indicators
A3: Total Employees | B3: =COUNTA(Data!A2:A301) -> 300
A4: Attrition Rate | B4: =COUNTIF(Data!M2:M301,"YES")/B3 -> 0.073333333
A5: Overtime Rate | B5: =COUNTIF(Data!J2:J301,"YES")/B3 -> 0.37
A6: Average Annual Salary | B6: =AVERAGE(Data!G2:G301) -> 78253.667
A7: Low Job Satisfaction Rate | B7: =COUNTIF(Data!H2:H301,"<=2")/B3 -> 0.24333333
A8: Average Job Satisfaction | B8: =AVERAGE(Data!H2:H301) -> 3.2933333

Sheet Insights
A1: HR Area | B1: Key Finding | C1: HR Recommendation
A2: Employee Attrition | B2: Overall attrition is 7.33% (22 out of 300 employees) | C2: Monitor attrition trends and investigate employees' reasons for leaving.
A3: Overtime | B3: 37% of employees work overtime. | C3: Review overtime patterns and workload distribution across departments.
A4: Overtime & Attrition | B4: Attrition rate is 9.91% among overtime employees vs. 5.82% among non-overtime employees. | C4: Examine workload, scheduling, and employee well-being among overtime employees.
A5: Job Satisfaction | B5: 24.33% of employees have a job satisfaction score of 2 or lower. | C5: Investigate the main drivers of low job satisfaction and develop targeted improvements.
A6: Employee Performance | B6: Average performance rating is 3.61 among overtime employees and 3.53 among non-overtime employees. | C6: Evaluate performance alongside workload,well-being, and job demands.
A7: Employee Training | B7: Average training hours are 24.53 among overtime employees and 25.14 among non-overtime employees. | C7: Assess whether training opportunities align with employees' roles and development needs.
A8: Salary Analysis | B8: Average annual salary is approximately $78,254. | C8: Review salary distribution across departments, experience levels, and performance groups.
A9: Departmental Attrition | B9: Finance has 6 departures, the highest count among the departments in this dataset. | C9: Review Finance-specific retention patterns and investigate possible contributing factors.
A10: Finance Retention Risk | B10: Finance has the highest attrition rate at 14.29% (6 out of 42 employees), nearly double the company average of 7.33%. | C10: Conduct targeted exit interviews in Finance, review workload during financial close cycles, and implement retention initiatives.
A11: Overtime Burnout Impact | B11: Employees working overtime experience a 70% higher attrition rate (9.91% vs. 5.82% for non-overtime employees). | C11: Rebalance workload allocation, set limits on continuous overtime, and monitor mental health and burnout risk.
A12: Pay-for-performance Alignment | B12: High performers (rating≥4) earn an average of $76,571, which is lower than the company average ($78,254), suggesting salary may be more correlated with tenure than merit; further regression analysis is recommended. | C12: Restructure the compensation model to reward high performers and mitigate flight risk among critical talent.

Sheet Dashboard
A1: HR Employee Analytics Dashboard
A2: Workforce Overview & Key HR Metrics
A4: Total Employees | D4: Attrition Rate | G4: Overtime Rate | J4: Average Annual Salary
A5: =KPI!B3 -> 300 | D5: =KPI!B4 -> 0.073333333 | G5: =KPI!B5 -> 0.37 | J5: =KPI!B6 -> 78253.667
